X,Y,FID,OPS_PLAN_I,INCIDENT_N,PLAN_NAME,INCIDENTNU,INCIDENTNA,REGION,DISTRICT,RESERVE,FINANCIALY,SEASON,OBJECTIVE_,TREATED_AR,AREA_DRAWN,UNBOUNDED,OPERATIONS,OPS_STATUS,PUBLIC_INF,INCIDENT_C,FIREYEAR,GLOBALID,Shape_Leng,Shape_Area
138.691631663154,-35.0971465090297,0,172,155,Ops Plan 1,155,Scott Creek (Shingleback) A22,Adelaide & Mt Lofty Ranges,Adelaide and Central Hills,Scott Creek (CP),2019/2020,AUTUMN,73.9,0,0,0,TPRATT,Operations Plan Postponed, ,DCRAWFORD,2020,{E5002643-1B10-426B-8954-E482E3FAFFAE},0.0426601558457,7.31797419997e-05
138.747682654294,-34.8320804925853,1,22,123,Ops Plan 1,123,Anstey Hill (Range Road) A21 B3,Adelaide & Mt Lofty Ranges,Northern Hills Coast and Plains,Anstey Hill (RP),2020/2021,SPRING,3.5,0,0,0, ,New Operations Plan, , ,2020,{B7A5E938-5E93-4461-AA1C-F8EE005C8FCA},0.00890171501057,3.49065154673e-06
140.173351217755,-37.5512398856373,2,517,418,Ops Plan 1,418,Lake Frome,South East,Lower South East,Lake Frome (CP),2019/2020,AUTUMN,157.2,0,157.2,0,RANDERSON,Operations Plan Complete,Proposed,RANDERSON,2020,{1185014B-03E7-4300-8340-5308A96B4E2F},0.063278242973,0.000159527556594
138.671724865732,-35.00814297307,3,432,370,Ops Plan 1,370,Belair (Queens Jubilee Drive) B2,Adelaide & Mt Lofty Ranges,Adelaide and Central Hills,Belair (NP),2019/2020,AUTUMN,8.3,8.3,8.3,0,TPRATT,Post Burn Activities Completed,Completed,SPARKER1,2020,{D6B6B11E-26EF-49D4-93C7-596F735C9549},0.0239724231204,8.17637372323e-06
138.747536487755,-34.9877660736183,4,644,497,Ops Plan 1,497,Mount George (Foreman Track),Adelaide & Mt Lofty Ranges,Adelaide and Central Hills,Mount George (CP),2019/2020,AUTUMN,5.8,0,4.6,0,EMAPLETOFT,Operations Plan Postponed, ,KPHILP,2020,{51211018-D65F-4764-A3EC-6D292CA48688},0.00962503976674,4.58979022169e-06
140.513265595531,-37.7127691204496,5,376,326,Ops Plan 1,326,Gower,South East,Lower South East,Gower (CP),2020/2021,SPRING,9.7,0,0,0, ,New Operations Plan, , ,2020,{33B82873-B767-4526-AC44-D68A83559D72},0.0124678339796,9.86486697997e-06
138.529502055495,-35.4398963297618,6,877,144,Ops Plan 2,144,Spring Mount A24,Adelaide & Mt Lofty Ranges,Fleurieu and Willunga Basin,Spring Mount (CP),2020/2021,SPRING,25.4,0,25.4,0, ,New Operations Plan, , ,2020,{46B033C2-F621-42A0-B853-0D172AA13F82},0.0230857583108,2.52475489491e-05
138.67063198673,-35.2670247263671,7,224,222,Ops Plan 1,222,Kyeema (Woodgate Hill Rd),Adelaide & Mt Lofty Ranges,Ranges to River,Kyeema (CP),2019/2020,AUTUMN,25.8,0,0,0, ,Operations Plan Withdrawn, , ,2020,{DE65A1CF-0ACA-472E-AB35-85FA01BEC4C0},0.0211643434977,2.55488921178e-05
138.785870545231,-34.9601222557666,8,1017,696,Ops Plan 1,696,Carey Gully - Kneen Lane (Private Land),Adelaide & Mt Lofty Ranges,Adelaide and Central Hills,Private Land,2020/2021,SPRING,7.9,0,7.9,0, ,New Operations Plan, , ,2020,{40F1BB62-B902-4522-B9EB-3964377300EB},0.0184048827163,7.77097077815e-06
140.52356455975,-37.084893674745,9,862,434,Ops Plan 3,434,Big Heath,South East,Lower South East,Big Heath (CP),2019/2020,AUTUMN,281.4,0,281.8,0, ,Operations Plan Postponed, , ,2020,{303217B2-BD14-4CC1-9DF7-65CD65102C3D},0.0706208856611,0.000284676487167
138.747536487755,-34.9877660736183,10,1114,497,Ops Plan 2,497,Mount George (Foreman Track),Adelaide & Mt Lofty Ranges,Adelaide and Central Hills,Mount George (CP),2020/2021,SPRING,5.8,0,4.6,0,EMAPLETOFT,New Operations Plan, ,KPHILP,2020,{854D2650-30D6-44F1-800B-1BC9CE2F4C56},0.00962503976674,4.58979022169e-06
140.641344820859,-35.5322580942623,11,980,459,Ops Plan 2,459,Day Block North,South Australian Murray-Darling Basin,Mallee and Coorong,Crown Land & Private (HA222/HA871),2019/2020,AUTUMN,590,100,784.7,0,ASHEATH,Post Burn Activities Completed,Proposed,RPUDNEY,2020,{0CBD5D9C-DA3E-4B87-A016-0CBB607022E5},0.409952253996,0.000780840247719
138.719340410882,-35.3338845260673,12,950,655,Ops Plan 1,655,Cox Scrub (Banksia),Adelaide & Mt Lofty Ranges,Fleurieu and Willunga Basin,Cox Scrub (CP),2019/2020,AUTUMN,89.2,0,89.2,0,ITANNER,Operations Plan Postponed, ,SPARKER1,2020,{32D1BFB8-4B75-4732-98A8-2DB976B49958},0.0471493551332,8.85206655977e-05
138.845246191817,-34.6587491550823,13,1013,692,Ops Plan 1,692,Barossa Track 6,Adelaide & Mt Lofty Ranges,Northern Hills Coast and Plains,Barossa Reservoir Reserve,2019/2020,AUTUMN,101.7,0,101.7,0,KPHILP,Operations Plan Postponed, ,SPARKER1,2020,{B3B44A39-1ECB-41FF-9503-7BA00BBBB6A8},0.0533666391732,0.000100314693706
138.575293481553,-35.0413939761653,14,90,137,Ops Plan 1,137,Sturt Gorge (Turta Track) S19 B3,Adelaide & Mt Lofty Ranges,Adelaide and Central Hills,Sturt Gorge (RP),2020/2021,SPRING,65.8,0,0,0,SSANDERSON,Operations Plan Withdrawn, ,DCRAWFORD,2020,{0D205EA5-D60A-48B2-9021-EC597D7F38A9},0.0532515442587,6.51831367938e-05
140.893136629056,-37.9705245133936,15,1085,435,Ops Plan 5,435,Penambol,South East,Lower South East,Penambol (CP),2019/2020,AUTUMN,24.9,0,22.1,0,RANDERSON,Operations Plan Withdrawn, ,RANDERSON,2020,{E75639A7-88D2-48D6-A2F0-C6F4EFB9A60B},0.0221740274925,2.25704931832e-05
138.777966577607,-34.971169367516,16,1025,702,Ops Plan 1,702,Carey Gully - Ironstone Range (Private Land),Adelaide & Mt Lofty Ranges,Adelaide and Central Hills,Private Land,2020/2021,SPRING,69.1,0,9.2,0, ,New Operations Plan, , ,2020,{D78CBE2A-CDD4-4AC5-9541-3760C783FAA7},0.01869895702,9.05840300994e-06
138.735700513773,-34.8238252449843,17,1116,122,Ops Plan 3,122,Anstey Hill (North East Road) S20 B3,Adelaide & Mt Lofty Ranges,Northern Hills Coast and Plains,Anstey Hill (RP),2020/2021,SPRING,0.8,0,0.8,0,THOWARD,New Operations Plan, , ,2020,{562B90AA-738F-4BF7-9C05-DB6CA0CE3FC6},0.00392986271157,7.74406028627e-07
136.992301648514,-35.8938269610373,18,957,662,Ops Plan 1,662,Stringybark,Kangaroo Island,Kangaroo Island,KIPT/PF Olsen BoPL,2019/2020,AUTUMN,23.6,0,20.9,0, ,Operations Plan Retired, , ,2020,{1E154F7C-20BF-46D4-BAEE-1B75D14BC3A3},0.0236261329685,2.08631154093e-05
138.740826094202,-34.7458171639495,19,1000,680,Ops Plan 1,680,Track 6F,Adelaide & Mt Lofty Ranges,Adelaide and Central Hills,Little Para Reservoir,2019/2020,AUTUMN,19.1,19.1,19.1,0,TLEGGETT,Post Burn Activities Completed,Completed,SPARKER1,2020,{BCC37F87-F037-4C95-A1E1-04BEA1EA23DD},0.0204526658793,1.88340971676e-05
138.746437228038,-34.9527829405453,20,866,601,Ops Plan 1,601,Uraidla - Elborough Ave Part 2 (Private Land),Adelaide & Mt Lofty Ranges,Adelaide and Central Hills,Private Land,2019/2020,AUTUMN,3.5,0,3.5,0,NBASTIAN,Operations Plan Postponed, ,TGGROVES,2020,{7C7569D9-752C-4DC3-8CAF-B365A3E218FB},0.00770614457468,3.42348110807e-06
138.649531864293,-35.0941325292583,21,867,602,Ops Plan 1,602,Cherry Gardens Substation - East (Private Land),Adelaide & Mt Lofty Ranges,Adelaide and Central Hills,Private Land,2020/2021,SPRING,7.8,0,7.8,0, ,New Operations Plan, , ,2020,{BC4323DD-0B9D-41D9-B338-04499AB49CA4},0.0133044842842,7.72802942733e-06
138.76201873212,-35.0432339718604,22,1071,732,Ops Plan 1,732,Mylor Oval reburn (Council Land),Adelaide & Mt Lofty Ranges,Adelaide and Central Hills,AHC Land,2019/2020,AUTUMN,0.8,0.8,0.8,0, ,Post Burn Activities Completed, , ,2020,{47943485-559C-4FB3-A3A1-257AF3CC7B94},0.00486375027449,7.45099917471e-07
138.167058599973,-33.0699534989346,23,991,674,Ops Plan 1,674,Frypan track,Northern & Yorke,Southern Flinders and Upper North,Wirrabara Range (CP),2019/2020,AUTUMN,245,0,245.7,0,JTILLEY,Operations Plan Postponed, ,KANDERSON,2020,{443ECDF0-BAEE-4FF9-A02B-9CBCA77A0AAD},0.0717750739362,0.000238282991538
140.32823884618,-35.8255374575297,24,1094,576,Ops Plan 2,576,Mt Rescue Block Nth,South Australian Murray-Darling Basin,Mallee and Coorong,Ngarkat (CP),2019/2020,AUTUMN,428.2,0,726.6,0,RPUDNEY,Operations Plan Withdrawn,Completed,JPIPPOS,2020,{931CD75C-B5DD-48BC-B953-217B0D1AEC51},0.280889975398,0.000724989945572
138.687444198301,-35.271275675902,25,1129,223,Ops Plan 3,223,Kyeema (Childrens Forest),Adelaide & Mt Lofty Ranges,Ranges to River,Kyeema (CP),2020/2021,SPRING,9.2,0,8.6,0,EMAPLETOFT,New Operations Plan, ,PUNSWORTH,2020,{7BB0CFD7-BA5B-4A87-8041-9FF8398A5929},0.0131783327574,8.55859835767e-06
137.011570090194,-35.851326668062,26,194,194,Ops Plan 1,194,East Gosselands Block 7,Kangaroo Island,Kangaroo Island,Flinders Chase (NP),2019/2020,AUTUMN,12.3,0,0,0, ,Operations Plan Withdrawn, , ,2020,{5BD5B8E3-1F30-4D66-A393-C8E4BBB1E350},0.0166318077768,1.21613782905e-05
138.708327903325,-34.8995287627972,27,559,452,Ops Plan 1,452,Morialta (Rocky Hill Walking Trail),Adelaide & Mt Lofty Ranges,Adelaide and Central Hills,Morialta (CP),2019/2020,AUTUMN,7.1,0,0,0, ,Operations Plan Withdrawn, , ,2020,{02171FCC-D457-486C-8E52-A035E682A3B2},0.0123258112606,7.05760492201e-06
138.782851185433,-34.9424488645641,28,703,529,Ops Plan 1,529,Forest Range - Lobethal Road,Adelaide & Mt Lofty Ranges,Adelaide and Central Hills,Private Land,2019/2020,AUTUMN,6.7,0,6.7,0,DSNOWBALL,Operations Plan Postponed, ,SPARKER1,2020,{BE51D892-7A2E-4556-A978-AF5EC08CBB5C},0.0165831341972,6.63574142699e-06
135.777397444234,-34.7952140603666,29,849,596,Ops Plan 1,596,Central Eastern Boundary Track,Eyre Peninsula,Southern,Lincoln Basin,2019/2020,AUTUMN,163.7,0,161.2,0,PWILKINS,Operations Plan Postponed, , ,2020,{51E248FC-1559-410B-AC06-F5FFC973F78F},0.0804199544046,0.000159105556657
140.32823884618,-35.8255374575297,30,785,576,Ops Plan 1,576,Mt Rescue Block Nth,South Australian Murray-Darling Basin,Mallee and Coorong,Ngarkat (CP),2019/2020,AUTUMN,428.2,0,726.6,1,RPUDNEY,Operations Plan Retired,Completed,JPIPPOS,2020,{8521B570-F89C-45C9-85DD-95A51975A450},0.280889975398,0.000724989945572
138.238122798759,-35.6028841239606,31,939,611,Ops Plan 2,611,Deep Creek (Stringybark Campsite) B2,Adelaide & Mt Lofty Ranges,Fleurieu and Willunga Basin,Deep Creek (CP),2020/2021,SPRING,1.3,0,1.9,0, ,New Operations Plan, , ,2020,{5740BDDD-34CF-4ADE-80F4-8DF932B15338},0.0212731176358,1.89690062595e-06
138.84549029306,-34.6554632545729,32,708,494,Ops Plan 2,494,Track 6,Adelaide & Mt Lofty Ranges,Northern Hills Coast and Plains,Barossa Reservoir Reserve,2019/2020,AUTUMN,44,0,44,0, ,Operations Plan Withdrawn, , ,2020,{93F6D7D9-745C-4FE4-AACB-081F32B5383D},0.0352190759088,4.33537904192e-05
138.833711328177,-34.69298802674,33,895,624,Ops Plan 1,624,Para Wirra (Wirra Campground) B2,Adelaide & Mt Lofty Ranges,Northern Hills Coast and Plains,Para Wirra (CP),2020/2021,SPRING,45.9,0,45.9,0, ,New Operations Plan, , ,2020,{24ADC1AA-7938-4792-AFE1-2B146509F78C},0.035268605732,4.52491448789e-05
138.735700513773,-34.8238252449843,34,912,122,Ops Plan 2,122,Anstey Hill (North East Road) S20 B3,Adelaide & Mt Lofty Ranges,Northern Hills Coast and Plains,Anstey Hill (RP),2019/2020,AUTUMN,0.8,0,0.8,0,THOWARD,Operations Plan Postponed, , ,2020,{DBBD7BB3-D1CF-467B-8155-6AED751B8272},0.00392986271157,7.74406028627e-07
140.065096551493,-35.6462507648682,35,930,460,Ops Plan 2,460,Carcuma Block W-E,South East,Upper South East,Carcuma CP & Private - HA924/923/104,2019/2020,AUTUMN,340.3,0,370.9,0,EMAPLETOFT,Operations Plan Retired, ,JPIPPOS,2020,{BD186D6B-431A-4A37-B09B-6A5185FFF1DB},0.173946870173,0.00036945106218
138.591877106436,-34.9401665968002,36,1059,722,Ops Plan 1,722,Adelaide - Southern Parklands (council land),Adelaide & Mt Lofty Ranges,Adelaide and Central Hills,Adelaide Park Lands,2019/2020,AUTUMN,0.7,0,0.6,0, ,Operations Plan Withdrawn, , ,2020,{3F8A5399-F8ED-469D-9144-13A64F62DCC7},0.00292667143575,5.61883467042e-07
138.746437228038,-34.9527829405453,37,1117,601,Ops Plan 2,601,Uraidla - Elborough Ave Part 2 (Private Land),Adelaide & Mt Lofty Ranges,Adelaide and Central Hills,Private Land,2020/2021,SPRING,3.5,0,3.5,0,NBASTIAN,New Operations Plan, ,TGGROVES,2020,{54F4873B-803B-44B7-B04E-593EC621D96F},0.00770614457468,3.42348110807e-06
138.702487591516,-35.0449387461752,38,1044,621,Ops Plan 2,621,Ironbank - Morgan Road (Private Land),Adelaide & Mt Lofty Ranges,Adelaide and Central Hills,Council and Private Land,2019/2020,AUTUMN,4.5,4.5,4.1,0,JSAERS,Post Burn Activities Completed,Completed,DSNOWBALL,2020,{16976B41-E202-42A6-82C2-37D47F0015CD},0.0132989257585,4.09197499902e-06
137.011089500035,-35.8644140326272,39,124,46,Ops Plan 1,46,Eastgosseland Block 9,Kangaroo Island,Kangaroo Island,Flinders Chase (NP),2019/2020,AUTUMN,15.6,0,0,0, ,Operations Plan Withdrawn, , ,2020,{D1F76C7D-340B-4A3A-8210-6FBF491C52E1},0.017232689849,1.55880442604e-05
137.012032388508,-35.8867259088477,40,125,47,Ops Plan 1,47,Eastgosseland Block 10,Kangaroo Island,Kangaroo Island,Flinders Chase (NP),2019/2020,AUTUMN,13.5,0,0,0, ,Operations Plan Withdrawn, , ,2020,{CA38473F-5B6F-4A72-9B04-CFE3410D7362},0.029408181657,1.34995722867e-05
138.742830184988,-34.8367996493364,41,57,121,Ops Plan 1,121,Anstey Hill (Newmans Track) A20 B2,Adelaide & Mt Lofty Ranges,Northern Hills Coast and Plains,Anstey Hill (RP),2019/2020,AUTUMN,42.7,42.7,32.1,0,DCRAWFORD,Post Burn Activities Completed,Completed,EMAPLETOFT,2020,{BFAB248A-B973-4583-953C-20BFA682F88E},0.0302808741027,3.16756003536e-05
138.59222801172,-35.0334220001309,42,23,136,Ops Plan 1,136,Sturt Gorge (Bushland Drive) S21 B2,Adelaide & Mt Lofty Ranges,Adelaide and Central Hills,Sturt Gorge (RP),2019/2020,AUTUMN,8.8,8.8,7.6,0,AMARTON,Burn Safe,Safe,SSANDERSON,2020,{D713C5DB-728B-4B4D-9237-83C3B93A9AB5},0.0159744735752,7.53998767985e-06
138.914185061221,-34.6876690847182,43,20,117,Ops Plan 1,117,Hale (Warren Road) S20 B2,Adelaide & Mt Lofty Ranges,Northern Hills Coast and Plains,Hale (CP),2019/2020,AUTUMN,31.3,0,0,0,TWITTWER,Operations Plan Postponed, ,SPARKER1,2020,{AE9154E2-8B1E-4B4E-9262-E5C8C5D7DC31},0.036972915771,3.08812273558e-05
140.493798618498,-35.8452529840114,44,790,579,Ops Plan 1,579,McCallum Block West,South Australian Murray-Darling Basin,Mallee and Coorong,Ngarkat (CP),2019/2020,AUTUMN,1583.1,1200,844.9,1,AMCLOUGHLIN,Post Burn Activities Completed,Completed,RPUDNEY,2020,{6EA20729-A596-408A-9E14-616C3724DEB5},0.993879886837,0.000843251422505
138.656451475717,-35.0172596312036,45,936,631,Ops Plan 5,631,Belair (Volunteer Centre),Adelaide & Mt Lofty Ranges,Adelaide and Central Hills,Belair (NP),2020/2021,SPRING,1,0,0.7,0,JPITMAN,Operations Plan Withdrawn, ,DSNOWBALL,2020,{4A80902E-7DEA-4368-9872-30CBEE46D264},0.00467430178918,6.87918230315e-07
136.838315901484,-35.8308272235618,46,956,661,Ops Plan 1,661,Kurralinga,Kangaroo Island,Kangaroo Island,Ravine des Casoars (WA),2019/2020,AUTUMN,500,0,465.7,1, ,Operations Plan Retired, , ,2020,{D753623D-12F8-43FE-8E80-EDC2143A4E09},0.100125751947,0.000464707315013
138.765519139803,-34.9476324294879,47,885,616,Ops Plan 1,616,Basket Range Quarry (Private Land),Adelaide & Mt Lofty Ranges,Adelaide and Central Hills,Private Land,2019/2020,AUTUMN,12.5,12.5,12.5,0,TGGROVES,Post Burn Activities Completed,Completed,EDESMIT,2020,{0BB2C767-9973-45B6-B19A-101E3799EFAE},0.0278080138864,1.23383406363e-05
138.759924301574,-34.9363161420072,48,841,514,Ops Plan 2,514,Basket Range - Crammond Rd (Private Land),Adelaide & Mt Lofty Ranges,Adelaide and Central Hills,Private Land,2020/2021,SPRING,4.2,0,6.7,0, ,New Operations Plan, , ,2020,{C2ED8749-761F-4F1D-87BB-A03FF8D67E00},0.0183509694507,6.64127647664e-06
136.971864450462,-35.2465347671176,49,994,677,Ops Plan 1,677,Marion Bay,Northern & Yorke,Yorke,Marion Bay BoPL,2019/2020,AUTUMN,5.9,0,5.9,0, ,Operations Plan Postponed, , ,2020,{6957DAC8-4901-4029-9708-4539C5A53CFA},0.020318707111,5.84773164858e-06
140.32823884618,-35.8255374575297,50,1096,576,Ops Plan 4,576,Mt Rescue Block Nth,South Australian Murray-Darling Basin,Mallee and Coorong,Ngarkat (CP),2019/2020,AUTUMN,428.2,428.2,726.6,1,RPUDNEY,Post Burn Activities Completed,Completed,JPIPPOS,2020,{4CB8A8F8-3075-4475-85DA-564DC024CA43},0.280889975398,0.000724989945572
138.524103048022,-35.4398968024599,51,1128,144,Ops Plan 3,144,Spring Mount A24,Adelaide & Mt Lofty Ranges,Fleurieu and Willunga Basin,Spring Mount (CP),2020/2021,SPRING,14.6,0,14.6,0,LKERSLAKE,New Operations Plan, ,ITANNER,2020,{B7064336-17B0-4DBA-A87F-DC1173D90317},0.0159784451318,1.45171683078e-05
135.452116303782,-34.6402610438536,52,271,250,Ops Plan 1,250,Coffin Bay NP entrance east,Eyre Peninsula,Southern,Coffin Bay (NP),2019/2020,AUTUMN,70,0,147.2,0,AMACUMBER,Operations Plan Postponed,Completed,RSAERS,2020,{CFCBAAA8-1887-4583-9229-A0315ED975A1},0.0593122272748,0.000145114705455
138.695710382152,-34.9021570568035,53,166,130,Ops Plan 1,130,Morialta (Woodforde Track) S20,Adelaide & Mt Lofty Ranges,Adelaide and Central Hills,Morialta (CP),2020/2021,SPRING,21.1,0,0,0, ,Operations Plan Withdrawn, , ,2020,{F8C5C0C3-1BA4-4F91-BE16-4E41E63C0E45},0.0271657362747,2.08742270824e-05
138.675610070552,-34.9694600753055,54,98,171,Ops Plan 1,171,Cleland (Gateway) S20,Adelaide & Mt Lofty Ranges,Adelaide and Central Hills,Addition to Cleland CP (Gateway Parkland) (AD),2020/2021,SPRING,11.7,0,0,0, ,Operations Plan Withdrawn, , ,2020,{1E8ACC51-3BCC-47BB-9B4E-E9CA8FACF9F0},0.0172890305859,1.15680190372e-05
138.770940737483,-34.869442226935,55,478,397,Ops Plan 1,397,Track 18,Adelaide & Mt Lofty Ranges,Adelaide and Central Hills,Kangaroo Creek,2020/2021,SPRING,14.4,0,0,0, ,Operations Plan Withdrawn, , ,2020,{168FD115-E129-49FA-878F-07BF0BB7B223},0.0195104791895,1.41848639414e-05
138.491118817516,-35.5174493436881,56,828,521,Ops Plan 2,521,Jaggers,South Australian Murray-Darling Basin,Ranges to River,Kuipto,2019/2020,AUTUMN,6.2,0,9.5,0,LWHITING,New Operations Plan, ,RDEGROOT,2020,{ECF03E52-5F8A-4694-A268-B4AE56B63ECF},0.0135245382122,9.4556682595e-06
136.891161503149,-35.2583090465419,57,992,675,Ops Plan 1,675,Inneston West,Northern & Yorke,Yorke,Innes (NP),2019/2020,AUTUMN,264,0,264.3,0,JTILLEY,Operations Plan Postponed, ,KANDERSON,2020,{A906B330-3360-4658-830F-345C5C06AF9E},0.0929384872351,0.00026227762064
138.842375006372,-34.8757814773017,58,977,406,Ops Plan 4,406,Baldy (Cudlee Creek),Adelaide & Mt Lofty Ranges,Adelaide and Central Hills,Baldy Native Forest Reserve,2019/2020,AUTUMN,38.1,0,23.8,0,BTURRINI,Operations Plan Withdrawn, ,AMOYLAN,2020,{25CEA64F-E942-4883-98AC-0C7FAEDA4B54},0.02337014379,2.35318609944e-05
138.502901908274,-35.3664833073657,59,900,628,Ops Plan 1,628,Higg's Swamp Ecological Burn (Private Land),Adelaide & Mt Lofty Ranges,Fleurieu and Willunga Basin,Private Land,2019/2020,AUTUMN,0.6,0.6,0.6,0,KABLEY,Post Burn Activities Completed,Completed,TGGROVES,2020,{C53E21C1-860B-42E6-AE93-1F93B0967878},0.00301262678508,5.58364446114e-07
138.687864399236,-34.9841438751506,60,898,626,Ops Plan 1,626,Cleland (Gateway Sollya) A20,Adelaide & Mt Lofty Ranges,Adelaide and Central Hills,Cleland (CP),2019/2020,AUTUMN,3.7,0,3.7,0, ,Operations Plan Withdrawn, , ,2020,{F9E845F1-CCAA-4C84-87ED-2735D780E1C7},0.00955339816358,3.69982978444e-06
138.708947512279,-35.0258823701367,61,884,615,Ops Plan 2,615,Heathfield Council Depot / WWTP B2,Adelaide & Mt Lofty Ranges,Adelaide and Central Hills,Council / SAW Land,2020/2021,SPRING,21.5,0,17.1,0, ,New Operations Plan, , ,2020,{5243D310-3E28-408F-9FC6-77DFE227E882},0.0256123501187,1.6934624799e-05
138.677337899031,-35.3071409837197,62,951,656,Ops Plan 1,656,Mount Magnificent (Black Fellows Creek Rd),Adelaide & Mt Lofty Ranges,Fleurieu and Willunga Basin,Mount Magnificent (CP),2019/2020,AUTUMN,40,0,27.8,0,SPARKER1,Operations Plan Postponed, ,ITANNER,2020,{A16E3EDD-FD33-49C5-84A6-09BBE6A28E15},0.0214925355951,2.75629366507e-05
138.503020510872,-35.4209986867549,63,899,627,Ops Plan 1,627,Nott's Swamp Ecological Burn (Private Land),Adelaide & Mt Lofty Ranges,Fleurieu and Willunga Basin,Private Land,2019/2020,AUTUMN,2.6,0,2.6,0,JSAERS,Operations Plan Postponed, ,LBARKER,2020,{F46ACA7D-558B-4932-BEC3-CC5BD57740BD},0.0108599124446,2.58674006999e-06
138.43581320801,-35.4519034960217,64,937,649,Ops Plan 1,649,Myponga (middle),Adelaide & Mt Lofty Ranges,Fleurieu and Willunga Basin,Myponga (CP),2020/2021,SPRING,14.8,0,14.8,0, ,Operations Plan Withdrawn, , ,2020,{80899455-96C7-4B5F-8B87-B2AC120A03FB},0.0220412497543,1.47272311994e-05
140.649310442346,-38.0453266708327,65,897,625,Ops Plan 1,625,Fingerpoint WWTP,South East,Lower South East,Fingerpoint,2019/2020,AUTUMN,15.1,0,15.1,0,PSIMS,Operations Plan Postponed, ,PSIMS,2020,{D8B246E3-7A58-424B-BA4D-55CFDACFCB98},0.0195443812754,1.54383090031e-05
136.098938482172,-26.2871930333198,66,1005,685,Ops Plan 1,685,Purnie Bore,South Australian Arid Lands,Central Outback,Witjira (NP),2019/2020,AUTUMN,6,6,1.5,0,JTILLEY,Post Burn Activities Completed,Completed,JTILLEY,2020,{331DF2D3-6863-4C17-B5B1-0106A58279AA},0.00647078243362,1.39263879767e-06
140.641344820859,-35.5322580942623,67,1099,459,Ops Plan 3,459,Day Block North,South Australian Murray-Darling Basin,Mallee and Coorong,Crown Land & Private (HA222/HA871),2019/2020,AUTUMN,100,0,784.7,0,ASHEATH,New Operations Plan,Proposed,RPUDNEY,2020,{C108AE0C-F7E4-4985-88C2-099D00819D55},0.409952253996,0.000780840247719
137.011808700036,-35.8950577507491,68,133,64,Ops Plan 1,64,East Gosseland Block 11,Kangaroo Island,Kangaroo Island,Flinders Chase (NP),2019/2020,AUTUMN,5,0,0,0, ,Operations Plan Withdrawn, , ,2020,{95DFF796-4920-4D9E-8950-4C95C2199AA4},0.0100083673395,4.98087909232e-06
138.692779507551,-34.9012778750222,69,164,128,Ops Plan 1,128,Morialta S15 B2,Adelaide & Mt Lofty Ranges,Adelaide and Central Hills,Morialta (CP),2020/2021,SPRING,10.2,0,10.6,0, ,New Operations Plan, , ,2020,{B3B6A68F-32A8-4508-BC8F-6B09A1C5009D},0.0144845210201,1.05250465593e-05
138.799708049214,-35.3144231648365,70,575,458,Ops Plan 1,458,Bullock Hill S/E,Adelaide & Mt Lofty Ranges,Ranges to River,Bullock Hill (CP),2020/2021,SPRING,45.9,0,0,0, ,Operations Plan Withdrawn, , ,2020,{B6C6AF36-3647-4D4D-A12B-46B8E5AEF306},0.0283544727878,4.55686131174e-05
138.677401945842,-35.0124896589715,71,763,565,Ops Plan 1,565,Belair (Curta Track) B3,Adelaide & Mt Lofty Ranges,Adelaide and Central Hills,Belair (NP),2020/2021,SPRING,16,0,0,0, ,New Operations Plan, , ,2020,{B4083AD7-667B-4092-B1B2-70B4651A619E},0.0177952369496,1.58272541383e-05
136.795148279079,-35.8214876079033,72,946,652,Ops Plan 1,652,Cassowary,Kangaroo Island,Kangaroo Island,Ravine des Casoars (WA),2019/2020,AUTUMN,746.3,0,746.3,1, ,Operations Plan Withdrawn, , ,2020,{385E6391-97BF-4BE9-89DD-2EC7471DDD1F},0.113474914375,0.000744652889399
139.02150160904,-34.5887602086827,73,616,74,Ops Plan 2,74,Kairserstuhl S11(Tanunda Creek Road),Adelaide & Mt Lofty Ranges,Northern Hills Coast and Plains,Kaiserstuhl (CP),2020/2021,SPRING,30,0,29.8,0,TLEGGETT,New Operations Plan, ,ITANNER,2020,{C7B3ECF3-4735-410F-9CCF-33CC893CDD0F},0.0273110802547,2.93527134606e-05
138.914185061221,-34.6876690847182,74,1108,117,Ops Plan 2,117,Hale (Warren Road) S20 B2,Adelaide & Mt Lofty Ranges,Northern Hills Coast and Plains,Hale (CP),2020/2021,SPRING,31.3,0,31.3,0,TWITTWER,New Operations Plan, ,SPARKER1,2020,{67CA46C3-2229-48BF-B6B4-B6452A57458F},0.036972915771,3.08812273558e-05
138.701151379888,-34.9065644104714,75,1112,129,Ops Plan 2,129,Morilta (Pretty Corner) S16,Adelaide & Mt Lofty Ranges,Adelaide and Central Hills,Morialta (CP),2020/2021,SPRING,4.9,0,4.9,0,ASHEATH,New Operations Plan, ,ITANNER,2020,{C27DC9DB-FE88-4701-8EF7-253E967983B7},0.0166329752627,4.8010513984e-06
138.685752450802,-34.9906236960583,76,1024,586,Ops Plan 3,586,Crafers West - Emmett Road (Private Land),Adelaide & Mt Lofty Ranges,Adelaide and Central Hills,Private Land,2020/2021,SPRING,2.7,0,2.7,0, ,New Operations Plan, , ,2020,{1C9A1E38-5EFE-4497-99C2-51165DB97FD1},0.00891143011226,2.66461167406e-06
138.732693491188,-34.9353609642597,77,1118,752,Ops Plan 1,752,Giles (Ridge Track) B2,Adelaide & Mt Lofty Ranges,Adelaide and Central Hills,Giles (CP),2020/2021,SPRING,3,0,3,0, ,New Operations Plan, , ,2020,{471BBFD3-3058-4B02-BE13-17CD3DF1574C},0.0142325334787,3.00163307016e-06
138.852835220292,-35.0334107618858,78,904,629,Ops Plan 1,629,Shady Grove Church - Littlehampton (Private),Adelaide & Mt Lofty Ranges,Adelaide and Central Hills,Private Land,2019/2020,AUTUMN,0.8,0.8,0.8,0,MLUBCKE,Post Burn Activities Completed,Completed,TGGROVES,2020,{948BF3C0-73C5-4374-9FC2-577F0D9FFB98},0.00502418744405,7.96723146996e-07
138.773497310414,-34.9593141859108,79,674,512,Ops Plan 1,512,Carey Gully - Boundary Dve 2 (Private Land),Adelaide & Mt Lofty Ranges,Adelaide and Central Hills,Private Land,2019/2020,AUTUMN,5.7,5,5.6,0,TEARL,Post Burn Activities Completed,Completed,TGGROVES,2020,{299122FC-C673-487B-833C-A8F95849FC85},0.0105393892806,5.58625426638e-06
135.448412470664,-34.6336171545396,80,1091,250,Ops Plan 2,250,Coffin Bay NP entrance east,Eyre Peninsula,Southern,Coffin Bay (NP),2019/2020,AUTUMN,2,2,2.1,0,AMACUMBER,Post Burn Activities Completed,Completed,RSAERS,2020,{1A673D3B-3ED5-4D49-9A21-15C48A18C859},0.011384286598,2.11454599649e-06
140.892507105475,-37.9706836603469,81,871,435,Ops Plan 3,435,Penambol,South East,Lower South East,Penambol (CP),2020/2021,SPRING,24.9,0,24.9,0, ,Operations Plan Withdrawn, , ,2020,{0F20AFCF-8485-4FD4-9EA7-1DD36681B991},0.0227214316405,2.53886371136e-05
138.695295206989,-34.984967884166,82,965,464,Ops Plan 4,464,Cleland (Beela-Mireen Track),Adelaide & Mt Lofty Ranges,Adelaide and Central Hills,Cleland (CP),2019/2020,AUTUMN,16.5,16.5,16.5,0,EDESMIT,Burn Safe,Safe,DSNOWBALL,2020,{4E038497-7877-48C3-8716-5A4159DF415C},0.0206329276311,1.62828846856e-05
138.985054008672,-34.7397032432336,83,976,517,Ops Plan 3,517,Dewells (Part 2),Adelaide & Mt Lofty Ranges,Northern Hills Coast and Plains,Mt Crawford,2019/2020,AUTUMN,27.1,0,27.1,0,MGUILDFORD,New Operations Plan, ,BTURRINI,2020,{2636E31C-E2B7-44CB-97E1-625FD042DFFC},0.0648022947036,2.67766053824e-05
138.828942077746,-34.6451458598972,84,893,622,Ops Plan 1,622,Barossa Goldfields - Woodlands Rd Pt 2 (Private),Adelaide & Mt Lofty Ranges,Northern Hills Coast and Plains,Private Land,2019/2020,AUTUMN,15.6,15.6,15.6,0,THOWARD,Post Burn Activities Completed,Completed,SPARKER1,2020,{BC534F4A-FA28-46A6-8BAB-58B9AB94C931},0.0207039516062,1.53810309122e-05
140.218752213385,-34.9162759696208,85,1045,659,Ops Plan 2,659,Billiat North West - Racecourse Road,South Australian Murray-Darling Basin,Mallee and Coorong,Private Land,2019/2020,AUTUMN,324.8,0,324.8,0,PGILLEN,Operations Plan Withdrawn, ,ASHEATH,2020,{082770EB-C5F1-4595-AEBB-F0523593E51E},0.123181399846,0.000321169213029
140.218752213385,-34.9162759696208,86,1107,659,Ops Plan 3,659,Billiat North West - Racecourse Road,South Australian Murray-Darling Basin,Mallee and Coorong,Private Land,2020/2021,SPRING,324.8,0,324.8,0,PGILLEN,New Operations Plan, ,ASHEATH,2020,{AA81724F-CB4F-439E-9638-0892867E4E74},0.123181399846,0.000321169213029
138.597593200057,-35.1694689411628,87,1123,572,Ops Plan 3,572,Blewitt Springs - Community Hall (Council Land),Adelaide & Mt Lofty Ranges,Fleurieu and Willunga Basin,Onkaparinga Council Land,2020/2021,SPRING,2.9,0,2.9,0,SBROWN,New Operations Plan, ,TGGROVES,2020,{AB634111-0A14-4258-A0C5-FE96B9CADCCF},0.00674118119431,2.85508217868e-06
138.71831946142,-34.9140165217673,88,894,623,Ops Plan 1,623,Morialta Vineyards - Norton Summit Rd (Private),Adelaide & Mt Lofty Ranges,Adelaide and Central Hills,Private Land,2019/2020,AUTUMN,6.3,6.3,6.3,0,CLOWE,Post Burn Activities Completed,Completed,TGGROVES,2020,{852A5D02-B71D-42F7-A0AE-D718AE871129},0.0169186807913,6.22984110541e-06
138.710874519183,-34.9822943040744,89,891,620,Ops Plan 1,620,Eurilla - Summit Road (inc Private Land),Adelaide & Mt Lofty Ranges,Adelaide and Central Hills,Eurilla (CP),2020/2021,SPRING,8.3,0,8.3,0, ,New Operations Plan, , ,2020,{981ED52B-7928-4045-8039-E2DC8713F18D},0.0195591532239,8.19423475886e-06
138.956715438839,-34.7594570953333,90,974,518,Ops Plan 3,518,Camp Paddock,Adelaide & Mt Lofty Ranges,Northern Hills Coast and Plains,Mt Crawford,2019/2020,AUTUMN,8.4,0,8.4,0,LHEIN,New Operations Plan, ,BTURRINI,2020,{1E9F4267-DD94-4258-BE4E-B429F81CAF04},0.0233542961524,8.24603748714e-06
138.009593714998,-35.8558823041893,91,1047,653,Ops Plan 2,653,Monty,Kangaroo Island,Kangaroo Island,Simpson (CP),2020/2021,SPRING,94.9,0,94.9,0, ,New Operations Plan, , ,2020,{BD1C2DE9-2F47-4F61-96A3-AA81EFBA1485},0.0405025465193,9.47400720195e-05
138.682964134736,-35.1134778475794,92,1048,525,Ops Plan 3,525,Track 8,Adelaide & Mt Lofty Ranges,Adelaide and Central Hills,Mt Bold Reservoir,2019/2020,AUTUMN,26.5,0,61.8,0,NSTEPHEN1,Operations Plan Withdrawn, ,SBROWN,2020,{330878A3-3C71-40C9-8945-50CA007B85F2},0.0375388177362,6.11884535165e-05
135.482973584676,-34.6219149185663,93,870,605,Ops Plan 1,605,Kellidie Bay west boundary,Eyre Peninsula,Southern,Kellidie Bay (CP),2020/2021,SPRING,41.8,0,41.8,0, ,New Operations Plan, , ,2020,{A55764A1-9FA0-4AFA-9B50-00F2EB98A434},0.0315119538908,4.11545575988e-05
140.32823884618,-35.8255374575297,94,1095,576,Ops Plan 3,576,Mt Rescue Block Nth,South Australian Murray-Darling Basin,Mallee and Coorong,Ngarkat (CP),2019/2020,AUTUMN,428.2,0,726.6,0,RPUDNEY,Operations Plan Withdrawn,Completed,JPIPPOS,2020,{105F30B8-7BEA-4C3F-ABF4-657B26D89802},0.280889975398,0.000724989945572
137.011296024094,-35.8584361114011,95,46,63,Ops Plan 1,63,East Gosseland Block 8,Kangaroo Island,Kangaroo Island,Flinders Chase (NP),2019/2020,AUTUMN,19.7,0,0,0, ,Operations Plan Withdrawn, , ,2020,{F813B485-91B6-4E0D-B690-A8FFBA13BBAB},0.0207947695011,1.9687302838e-05
138.741904358198,-34.8251665769461,96,161,122,Ops Plan 1,122,Anstey Hill (North East Road) S20 B3,Adelaide & Mt Lofty Ranges,Northern Hills Coast and Plains,Anstey Hill (RP),2020/2021,SPRING,30,0,0,0, ,Operations Plan Withdrawn, , ,2020,{2F5634C0-4DE6-4F2D-AC4F-2A760607F806},0.0436583644041,3.05859540863e-05
138.732406046143,-35.0631721596884,97,795,583,Ops Plan 1,583,Lamont Rd,Adelaide & Mt Lofty Ranges,Adelaide and Central Hills,Mt Bold Reserve,2020/2021,SPRING,33.5,0,0,0, ,New Operations Plan, , ,2020,{9012EB09-22FD-4175-8A1F-4F72EF4AF6E5},0.026731672671,3.31484363394e-05
140.893136629056,-37.9705245133936,98,928,435,Ops Plan 4,435,Penambol,South East,Lower South East,Penambol (CP),2019/2020,AUTUMN,24.9,0,22.1,0,RANDERSON,Operations Plan Retired, ,RANDERSON,2020,{D81F60E9-5D5C-43EC-8EAF-ECBA1DF9E0BF},0.0221740274925,2.25704931832e-05
138.848525727158,-34.8538301858062,99,824,486,Ops Plan 2,486,Cudlee Creek - Cudlee Creek Rd (Private Land),Adelaide & Mt Lofty Ranges,Adelaide and Central Hills,Private Land,2019/2020,AUTUMN,22.3,0,22.3,0,AMARTON,Operations Plan Withdrawn, ,DSNOWBALL,2020,{2863A200-8F9A-45BE-8C3B-4EC64EE8C3FD},0.024184124231,2.20435700137e-05
138.097751508089,-32.7472966512752,100,996,480,Ops Plan 3,480,Woods Hut,Northern & Yorke,Southern Flinders and Upper North,Mount Remarkable (NP),2019/2020,AUTUMN,562.1,0,562.8,0,LGABELL,Operations Plan Postponed, ,JTILLEY,2020,{01E9333C-5EED-47B8-928F-3F5F156F593C},0.124716529666,0.000544020282423
135.945176264483,-34.8449769725936,101,959,255,Ops Plan 3,255,Pillie-Taylor's,Eyre Peninsula,Southern,Lincoln (NP),2019/2020,AUTUMN,112,0,116.7,0,AMACUMBER,Operations Plan Postponed, ,RSAERS,2020,{9D55B6DE-4FF9-42EA-9EA0-DA98478F907B},0.0477431173358,0.000115290103036
138.334484189968,-35.5826256390079,102,975,598,Ops Plan 2,598,Martins,Adelaide & Mt Lofty Ranges,Fleurieu and Willunga Basin,Second Valley Forest,2019/2020,AUTUMN,6.3,0,6.3,0,DWYLD,New Operations Plan, ,BTURRINI,2020,{749A80B7-62E7-4E8C-8822-2FD8B2E6F7A7},0.0168792679718,6.24574256589e-06
134.882653420148,-33.058152739457,103,530,102,Ops Plan 3,102,Kulliparu North,Eyre Peninsula,Western,Kulliparu (CP),2019/2020,AUTUMN,700,55,709.6,0,AMACUMBER,Post Burn Activities Completed,Completed,PWILKINS,2020,{6E6B0EE4-9C87-4A2E-A433-21A30D383D60},0.180996762374,0.000688190618381
140.380228456085,-35.6740929923962,104,821,588,Ops Plan 1,588,Box Flat Block West,South Australian Murray-Darling Basin,Mallee and Coorong,Ngarkat (CP),2019/2020,AUTUMN,370,280,377.1,0,TWITTWER,Post Burn Activities Completed,Completed,JPIPPOS,2020,{38012C65-7597-4116-8DD4-6010E38B962E},0.0912080126165,0.000375690691257
138.782851185433,-34.9424488645641,105,1115,529,Ops Plan 2,529,Forest Range - Lobethal Road,Adelaide & Mt Lofty Ranges,Adelaide and Central Hills,Private Land,2020/2021,SPRING,6.7,0,6.7,0,DSNOWBALL,New Operations Plan, ,SPARKER1,2020,{ED3E1EA5-350D-4AC9-84F7-A8C5B33ED5E7},0.0165831341972,6.63574142699e-06
138.772342475825,-34.9613900337452,106,999,679,Ops Plan 1,679,Carey Gully - Township Edge (Private Land),Adelaide & Mt Lofty Ranges,Adelaide and Central Hills,Private Land,2019/2020,AUTUMN,1.1,1.1,1.1,0,JSAERS,Post Burn Activities Completed,Completed,SPARKER1,2020,{B3E3ADF2-F7A0-4EF6-A5EB-3788B5D88F05},0.00764393831152,1.11175624958e-06
